url,title,price,gid,inventory
http://asset.ibanquan.com/image/58a6f5389bedc4778c001a5b/s_w240h240.png?v=1487336760,ÓÀºãÆß²Ê¡¾11Ö¦¡¿,£¤999.00,1,544
http://asset.ibanquan.com/image/58aa9c1d3f8f907579002c72/s_w240h240.jpeg?v=1487576094,Ìì³Ó×ù£ºlibra,£¤520.00,2,119
http://asset.ibanquan.com/image/58aaa04d0dd76c0ce4002c8e/s_w240h240.jpeg?v=1487577165,ÐÇ×ù¡¾¿ÉÑ¡¡¿,£¤520.00,3,844
http://asset.ibanquan.com/image/58a8691c3f8f90757500248f/s_w240h240.jpeg?v=1487431964,½ðÅ£×ù£ºTaurus,£¤520.00,4,885
http://asset.ibanquan.com/image/58aa9eeb3f8f907579002cb4/s_w240h240.jpeg?v=1487576812,Ë®Æ¿×ù£ºAquariu,£¤520.00,5,142
http://asset.ibanquan.com/image/58aa9e349bedc4778c002c78/s_w240h240.jpeg?v=1487576628,Ä¦ôÉ×ù£ºCapricornus,£¤520.00,6,263
http://asset.ibanquan.com/image/58aa9d1a0dd76c0ce0002fe6/s_w240h240.jpeg?v=1487576346,ÌìÐ«×ù£ºScorpio,£¤520.00,7,557
http://asset.ibanquan.com/image/58a86a430dd76c0ce4002219/s_w240h240.jpeg?v=1487432260,Ë«×Ó×ù£ºGemini,£¤520.00,8,339
http://asset.ibanquan.com/image/58aa9fab3f8f907579002cb8/s_w240h240.jpeg?v=1487577003,Ë«Óã×ù£ºPisces,£¤520.00,9,704
http://asset.ibanquan.com/image/58a86e073f8f9075750024b2/s_w240h240.jpeg?v=1487433224,Ê¨×Ó×ù£ºLeo,£¤520.00,10,667
http://asset.ibanquan.com/image/58aa9dae0dd76c0ce4002c4a/s_w240h240.jpeg?v=1487576494,ÉäÊÖ×ù£ºsagittarius,£¤520.00,11,615
http://asset.ibanquan.com/image/58a86cbab1b95701bb002278/s_w240h240.jpeg?v=1487432890,¾ÞÐ·×ù£ºCancer,£¤520.00,12,938
http://asset.ibanquan.com/image/58a86f03b1b95701bb002290/s_w240h240.jpeg?v=1487433475,´¦Å®×ù£ºvirgo,£¤520.00,13,338
http://asset.ibanquan.com/image/5884d5229bedc407dc000baf/s_w240h240.jpeg?v=1485100322,°×Ñò×ù£ºAries,£¤520.00,14,269
http://asset.ibanquan.com/image/5884d899b1b9571427000bab/s_w240h240.jpeg?v=1485101209,12ÐÇ×ù£ºÆß²Ê,£¤620.00,15,766
http://asset.ibanquan.com/image/5919a9e50dd76c4268000b21/s_w240h240.jpeg?v=1494854117,¡¶Ñ°ÕÒÃÎ»Ãµº¡·,£¤999.00,16,413
http://asset.ibanquan.com/image/5b6e859f26a801469300016a/s_w240h240.jpeg?v=1533969823,¡¶Ìý¼ûHearken¡·ºì,£¤999.00,17,435
http://asset.ibanquan.com/image/5b6e86e820663d3fb90001d9/s_w240h240.jpeg?v=1533970153,¡¶Ìý¼ûHearken¡·²Ê,£¤999.00,18,376
http://asset.ibanquan.com/image/58aaa27c9bedc4778c002cf2/s_w240h240.jpeg?v=1487577725,·÷Ïþ-Aurora,£¤699.00,19,841
http://asset.ibanquan.com/image/58aaa5570dd76c0ce00030cb/s_w240h240.jpeg?v=1487578456,±¡ÄºTwilight,£¤820.00,20,223
