url,title,price,id,inventory
http://asset.ibanquan.com/image/59a4d5720dd76c3e3f000e54/s_w330h330.jpeg?v=1503974771,相识,￥139.00,1,504
http://asset.ibanquan.com/image/59a4d4a5b1b9572079000d8a/s_w330h330.jpeg?v=1503974565,如初,￥139.00,2,736
http://asset.ibanquan.com/image/5b714f4726a80146930007f4/s_w330h330.jpeg?v=1534152520,一生相伴【11红】,￥139.00,3,149
http://asset.ibanquan.com/image/5b715133180e1646f7000755/s_w330h330.jpeg?v=1534153011,一生相伴【11粉】,￥139.00,4,755
http://asset.ibanquan.com/image/5b7228f526a80146930009d0/s_w330h330.jpeg?v=1534208245,一生相伴【19粉】,￥169.00,5,915
http://asset.ibanquan.com/image/5b722799180e1646f3000855/s_w330h330.jpeg?v=1534207897,一生相伴【19红】,￥169.00,6,492
http://asset.ibanquan.com/image/5a79bf17c8e4ed7e53000fc8/s_w330h330.jpeg?v=1517928215,小清新,￥169.00,7,400
http://asset.ibanquan.com/image/5a79b9cd06ce8b74720010f3/s_w330h330.jpeg?v=1517926861,小幸运,￥169.00,8,500
http://asset.ibanquan.com/image/5ab0f5f7921f502710000c4f/s_w330h330.jpeg?v=1521546744,美丽,￥269.00,9,876
http://asset.ibanquan.com/image/5a79b2f13f8f907df6000fed/s_w330h330.jpeg?v=1517925105,小美好,￥299.00,10,647
http://asset.ibanquan.com/image/5a79b0a63f8f907df6000fe3/s_w330h330.jpeg?v=1517924518,芳华,￥299.00,11,689
http://asset.ibanquan.com/image/5a79b5a5b1b9577c6a000fab/s_w330h330.jpeg?v=1517925797,青春之恋,￥299.00,12,546
http://asset.ibanquan.com/image/5b72269153f4e3495d000942/s_w330h330.jpeg?v=1534207633,一生相伴【11香槟】,￥139.00,13,336
http://asset.ibanquan.com/image/5b72283a180e1646f700089c/s_w330h330.jpeg?v=1534208058,一生相伴【19香槟】,￥169.00,14,327
http://asset.ibanquan.com/image/5b72299853f4e349600008a5/s_w330h330.jpeg?v=1534208408,一生相伴【33红】,￥269.00,15,602
http://asset.ibanquan.com/image/5b722a2d53f4e349600008ae/s_w330h330.jpeg?v=1534208557,一生相伴【33香槟】,￥269.00,16,825
http://asset.ibanquan.com/image/599bf8820dd76c573d0004cf/s_w330h330.jpeg?v=1503393922,热恋,￥169.00,17,408
http://asset.ibanquan.com/image/599bf9163f8f9039e600049b/s_w330h330.jpeg?v=1503394070,永恒,￥169.00,18,236
http://asset.ibanquan.com/image/5b63d56c180e165a57001d7f/s_w330h330.jpeg?v=1533269356,命中注定（粉）,￥139.00,19,295
http://asset.ibanquan.com/image/5b63cd6920663d4fe1001bf0/s_w330h330.jpeg?v=1533267305,命中注定（红）,￥139.00,20,149
http://asset.ibanquan.com/image/5982c48ab1b9575a50000d98/s_w330h330.jpeg?v=1501742219,怦然心动（99枝）,￥899.00,21,151
http://asset.ibanquan.com/image/5b59c56b180e162165000dfa/s_w330h330.jpeg?v=1532609899,怦然心动,￥299.00,22,464
http://asset.ibanquan.com/image/5b17777653f4e34a31001577/s_w330h330.jpeg?v=1528264566,抱抱桶【粉】,￥269.00,23,931
http://asset.ibanquan.com/image/5b17761c180e164a67001321/s_w330h330.jpeg?v=1528264220,抱抱桶【红】,￥269.00,24,943
http://asset.ibanquan.com/image/5b5883e120663d15df000ac8/s_w330h330.jpeg?v=1532527586,大抱抱桶【红】,￥299.00,25,833
http://asset.ibanquan.com/image/5b5884504194e55c96000a87/s_w330h330.jpeg?v=1532527696,大抱抱桶【香槟】,￥299.00,26,343
http://asset.ibanquan.com/image/5b5889e820663d15db000b71/s_w330h330.jpeg?v=1532529128,一生相随,￥269.00,27,220
http://asset.ibanquan.com/image/5b588aff20663d15db000b74/s_w330h330.jpeg?v=1532529407,一生相伴,￥269.00,28,783
http://asset.ibanquan.com/image/5a3b8fbc06ce8b2e1200026f/s_w330h330.jpeg?v=1513852860,【女神特别款】,￥269.00,29,568
http://asset.ibanquan.com/image/5a3b8e3bb1b95742df0002e3/s_w330h330.jpeg?v=1513852475,【女神特别款】,￥269.00,30,901
http://asset.ibanquan.com/image/59a4cf579bedc4216b000ce0/s_w330h330.jpeg?v=1503973208,相知,￥139.00,31,845
http://asset.ibanquan.com/image/5ac353523f8f9064560005ac/s_w330h330.jpeg?v=1522750291,偏偏喜欢你,￥169.00,32,112
http://asset.ibanquan.com/image/598736d20dd76c7b46000173/s_w330h330.jpeg?v=1502033618,三生有缘,￥269.00,33,266
http://asset.ibanquan.com/image/59873a293f8f907b98000106/s_w330h330.jpeg?v=1502034474,爱的告白,￥269.00,34,255
http://asset.ibanquan.com/image/5a3b8316c8e4ed43cf000261/s_w330h330.jpeg?v=1513849622,芳华岁月,￥299.00,35,747
http://asset.ibanquan.com/image/5a3b81833f8f90413300022e/s_w330h330.jpeg?v=1513849219,有你真好,￥299.00,36,552
http://asset.ibanquan.com/image/587ede9db1b957145c000c82/s_w330h330.jpeg?v=1484709534,小情歌,￥299.00,37,239
http://asset.ibanquan.com/image/587eddfa9bedc4098e000b1f/s_w330h330.jpeg?v=1484709370,小幸福,￥299.00,38,720
http://asset.ibanquan.com/image/599c06760dd76c5741000528/s_w330h330.jpeg?v=1503397495,久久,￥169.00,39,345
http://asset.ibanquan.com/image/599bf8bab1b95738d800047a/s_w330h330.jpeg?v=1503393978,爱恋,￥169.00,40,610
http://asset.ibanquan.com/image/59a824f8b1b95750580007b5/s_w330h330.jpeg?v=1504191736,厮守,￥139.00,41,919
http://asset.ibanquan.com/image/59a825613f8f905289000748/s_w330h330.jpeg?v=1504191842,相恋,￥139.00,42,290
http://asset.ibanquan.com/image/59a81e879bedc44c6c0008c9/s_w330h330.jpeg?v=1504190087,诺言,￥169.00,43,190
http://asset.ibanquan.com/image/59a4d511b1b9572077000c2c/s_w330h330.jpeg?v=1503974673,恩爱,￥139.00,44,540
http://asset.ibanquan.com/image/5982c76bb1b9575a50000dec/s_w330h330.jpeg?v=1501742955,纯洁的爱,￥299.00,45,333
http://asset.ibanquan.com/image/599bfb019bedc438b500057d/s_w330h330.jpeg?v=1503394561,情有独钟,￥269.00,46,456
http://asset.ibanquan.com/image/599bfa473f8f9039e200053e/s_w330h330.jpeg?v=1503394376,给你幸福,￥269.00,47,916
http://asset.ibanquan.com/image/599bfab63f8f9039e60004a7/s_w330h330.jpeg?v=1503394486,爱的祝福,￥269.00,48,346
http://asset.ibanquan.com/image/5986dcd89bedc46cdd00003b/s_w330h330.jpeg?v=1502010585,蓝色之恋,￥269.00,49,369
http://asset.ibanquan.com/image/5986de133f8f907b9c0000b6/s_w330h330.jpeg?v=1502010899,初恋味道,￥399.00,50,755
http://asset.ibanquan.com/image/5986da6b3f8f907b9c000071/s_w330h330.jpeg?v=1502009963,想你的爱,￥269.00,51,489
http://asset.ibanquan.com/image/5986db8b9bedc46cdd000033/s_w330h330.jpeg?v=1502010252,甜甜蜜蜜,￥269.00,52,888
http://asset.ibanquan.com/image/598738dd0dd76c7b43000122/s_w330h330.jpeg?v=1502034141,情真意切,￥269.00,53,190
http://asset.ibanquan.com/image/587dc8dc3f8f90081b000785/s_w330h330.jpeg?v=1484638429,深情,￥269.00,54,547
http://asset.ibanquan.com/image/599bf9633f8f9039e200053b/s_w330h330.jpeg?v=1503394147,情深,￥199.00,55,760
http://asset.ibanquan.com/image/590da5b99bedc42522000d9d/s_w330h330.jpeg?v=1494066617,情动,￥169.00,56,382
http://asset.ibanquan.com/image/59a4d66d3f8f902278000d92/s_w330h330.jpeg?v=1503975022,温柔岁月,￥169.00,57,497
http://asset.ibanquan.com/image/59a824b7b1b957505c00071e/s_w330h330.jpeg?v=1504191671,幸福,￥169.00,58,990
http://asset.ibanquan.com/image/599bfb56b1b95738d80004ab/s_w330h330.jpeg?v=1503394646,相爱一生,￥269.00,59,122
http://asset.ibanquan.com/image/59a81eedb1b957505c000716/s_w330h330.jpeg?v=1504190190,长情告白,￥269.00,60,497
http://asset.ibanquan.com/image/599bfbaf9bedc438b900048d/s_w330h330.jpeg?v=1503394735,一生有你,￥269.00,61,980
http://asset.ibanquan.com/image/587dce1e3f8f9008170008f1/s_w330h330.jpeg?v=1484639775,你的微笑,￥299.00,62,835
http://asset.ibanquan.com/image/590e84c93f8f904503000fbe/s_w330h330.jpeg?v=1494123721,阳光,￥269.00,63,819
http://asset.ibanquan.com/image/5882fd929bedc407dc00082c/s_w330h330.jpeg?v=1484979602,拥抱,￥269.00,64,297
http://asset.ibanquan.com/image/591dc4213f8f9030320001a0/s_w330h330.jpeg?v=1495122977,我爱你,￥269.00,65,529
http://asset.ibanquan.com/image/58b66eec9bedc46c22001790/s_w330h330.jpeg?v=1488350956,匆匆那年,￥299.00,66,100
http://asset.ibanquan.com/image/590dcb05b1b9572557000d1d/s_w330h330.jpeg?v=1494076165,青春,￥299.00,67,713
http://asset.ibanquan.com/image/58b66c25b1b957740100183e/s_w330h330.jpeg?v=1488350245,暖暖的爱,￥269.00,68,398
http://asset.ibanquan.com/image/58b66d570dd76c0147001878/s_w330h330.jpeg?v=1488350551,心心相印,￥269.00,69,699
http://asset.ibanquan.com/image/5982df583f8f90677f000e35/s_w330h330.jpeg?v=1501749080,仙境爱丽丝,￥498.00,70,974
http://asset.ibanquan.com/image/590d99873f8f9044ff000c74/s_w330h330.jpeg?v=1494063495,多姿多彩,￥498.00,71,825
http://asset.ibanquan.com/image/59116fe33f8f90722900005a/s_w330h330.jpeg?v=1494314979,简简单单,￥299.00,72,258
http://asset.ibanquan.com/image/587dcffa3f8f90081b0007ad/s_w330h330.jpeg?v=1484640250,甜蜜相伴,￥299.00,73,960
http://asset.ibanquan.com/image/587dcbcd0dd76c1c17000957/s_w330h330.jpeg?v=1484639181,柔情似水,￥299.00,74,478
http://asset.ibanquan.com/image/584648360dd76c7837001a58/s_w330h330.jpeg?v=1484251648,初心不变,￥299.00,75,497
http://asset.ibanquan.com/image/5809b8cba825050fc600122a/s_w330h330.jpeg?v=1484251064,就爱你,￥299.00,76,654
http://asset.ibanquan.com/image/5809b8963a34a60fa30011e4/s_w330h330.jpeg?v=1484251064,在一起,￥299.00,77,363
http://asset.ibanquan.com/image/590da9083f8f9044ff000cc8/s_w330h330.jpeg?v=1494067464,守护,￥399.00,78,250
http://asset.ibanquan.com/image/591048a6b1b95725530018d9/s_w330h330.jpeg?v=1494239398,不变的爱,￥269.00,79,704
http://asset.ibanquan.com/image/59a4e2b3b1b9572079000e14/s_w330h330.jpeg?v=1503978164,满满的爱,￥1299.00,80,378
http://asset.ibanquan.com/image/5982c3fe3f8f906783000f9d/s_w330h330.jpeg?v=1501742078,佳期如梦,￥699.00,81,826
http://asset.ibanquan.com/image/59858eef0dd76c3f00000ad7/s_w330h330.jpeg?v=1501925104,伊人如梦,￥699.00,82,463
http://asset.ibanquan.com/image/599bff950dd76c5741000508/s_w330h330.jpeg?v=1503395734,无尽的爱,￥299.00,83,510
http://asset.ibanquan.com/image/58a8691c3f8f90757500248f/s_w330h330.jpeg?v=1487431964,金牛座：Taurus,￥520.00,84,653
http://asset.ibanquan.com/image/599e4ef1b1b95738d8000d37/s_w330h330.jpeg?v=1503547121,《情书・相识》,￥999.00,85,649
http://asset.ibanquan.com/image/599e4cc99bedc438b5000e87/s_w330h330.jpeg?v=1503546570,《情书・相恋》,￥999.00,86,357
http://asset.ibanquan.com/image/599e4aca0dd76c5741000d31/s_w330h330.jpeg?v=1503546058,《情书・相守》,￥999.00,87,434
http://asset.ibanquan.com/image/59982c22b1b9574a7b0006ec/s_w330h330.jpeg?v=1503144994,不可取代,￥520.00,88,409
http://asset.ibanquan.com/image/59982b90b1b9574a7f000782/s_w330h330.jpeg?v=1503144848,这就是爱,￥699.00,89,102
http://asset.ibanquan.com/image/5a30bdfa3f8f907336000528/s_w330h330.jpeg?v=1513143802,优雅如你,￥1314.00,90,590
http://asset.ibanquan.com/image/5a30cb470dd76c2de10004ef/s_w330h330.jpeg?v=1513147208,我的女王,￥1688.00,91,183
http://asset.ibanquan.com/image/5a30bca93f8f907338000389/s_w330h330.jpeg?v=1513143466,甜言蜜语,￥1314.00,92,948
http://asset.ibanquan.com/image/5988266c3f8f9003e5000381/s_w330h330.jpeg?v=1502094956,财源滚滚,￥888.00,93,637
http://asset.ibanquan.com/image/5af023b006ce8b2391000595/s_w330h330.jpeg?v=1525687216,母亲节《非如烟》,￥699.00,94,995
http://asset.ibanquan.com/image/5919aac23f8f906dc1000bb4/s_w330h330.jpeg?v=1494854339,母亲节《最后的最后》,￥999.00,95,594
http://asset.ibanquan.com/image/5ac35465b1b9575bfd000618/s_w330h330.jpeg?v=1522750565,幸福味道,￥299.00,96,191
http://asset.ibanquan.com/image/59083f1b0dd76c2295000dd6/s_w330h330.jpeg?v=1493712667,伟大的爱,￥489.00,97,450
http://asset.ibanquan.com/image/59083fbc9bedc42ea2001236/s_w330h330.jpeg?v=1493712829,美丽容颜,￥489.00,98,272
http://asset.ibanquan.com/image/5b63af4f53f4e359f30019c5/s_w330h330.jpeg?v=1533259599,七夕-命中注定(手捧花)|仅限北京,￥6999.00,99,493
http://asset.ibanquan.com/image/591047e19bedc42522001925/s_w330h330.jpeg?v=1494239202,幸福之家,￥269.00,100,378
http://asset.ibanquan.com/image/59083de5b1b9572dce0010b4/s_w330h330.jpeg?v=1493712357,无私的爱,￥269.00,101,388
http://asset.ibanquan.com/image/5809b5fba825050fc80011f9/s_w330h330.jpeg?v=1484251063,阳光,￥269.00,102,712
http://asset.ibanquan.com/image/5c519b094194e52dd200184e/s_w330h330.jpeg?v=1548851977,公告,￥999.00,103,800
http://asset.ibanquan.com/image/57f8abf353f00e45e600084c/s_w330h330.jpeg?v=1484251159,恩重如山,￥169.00,104,105
http://asset.ibanquan.com/image/57f8ab6aa825054973000747/s_w330h330.jpeg?v=1484251159,温暖的心,￥169.00,105,921
http://asset.ibanquan.com/image/59a81b9c0dd76c6db2000866/s_w330h330.jpeg?v=1504189341,美丽青春,￥269.00,106,995
http://asset.ibanquan.com/image/59083c810dd76c2295000d7c/s_w330h330.jpeg?v=1493712002,永葆青春,￥269.00,107,534
http://asset.ibanquan.com/image/59083bafb1b9572dce001079/s_w330h330.jpeg?v=1493711791,爱的乐章,￥269.00,108,577
http://asset.ibanquan.com/image/59083a5f0dd76c2295000d48/s_w330h330.jpeg?v=1493711455,无微不至,￥269.00,109,887
